/*
SQLyog Enterprise v12.09 (64 bit)
MySQL - 5.6.26 : Database - vista_db
*********************************************************************
*/


/*!40101 SET NAMES utf8 */;

/*!40101 SET SQL_MODE=''*/;

/*!40014 SET @OLD_UNIQUE_CHECKS=@@UNIQUE_CHECKS, UNIQUE_CHECKS=0 */;
/*!40014 SET @OLD_FOREIGN_KEY_CHECKS=@@FOREIGN_KEY_CHECKS, FOREIGN_KEY_CHECKS=0 */;
/*!40101 SET @OLD_SQL_MODE=@@SQL_MODE, SQL_MODE='NO_AUTO_VALUE_ON_ZERO' */;
/*!40111 SET @OLD_SQL_NOTES=@@SQL_NOTES, SQL_NOTES=0 */;
CREATE DATABASE /*!32312 IF NOT EXISTS*/`vista_db` /*!40100 DEFAULT CHARACTER SET utf8 COLLATE utf8_bin */;

USE `vista_db`;

/*Table structure for table `activity` */


/*Table structure for table `appuser` */

DROP TABLE IF EXISTS `appuser`;

CREATE TABLE `appuser` (
  `memberId` varchar(20) NOT NULL COMMENT '标题',
  `nickName` varchar(20) DEFAULT NULL COMMENT '用户昵称',
  `userHead` varchar(100) DEFAULT NULL COMMENT '用户头像',
  `token` varchar(50) DEFAULT NULL COMMENT '用戶token',
  `dcinema` varchar(10) DEFAULT NULL COMMENT '用户默认影院'
) ENGINE=InnoDB DEFAULT CHARSET=utf8 ROW_FORMAT=DYNAMIC COMMENT='滚动';

/*Data for the table `appuser` */

insert  into `appuser`(`memberId`,`nickName`,`userHead`,`token`,`dcinema`) values ('WebKSM7VPHBYV','我是测试','/uploadFile/head/493d4507092e4a3ab1ad6ca406ec6624.png','1483108069925682ff73f48af4c71ad1826b30c74ce9a','0200'),('LMK6R9B0XNQ06','don****',NULL,'1483006236651d30c4329bda54c3da205d35cf29d06c6','0200'),('LMKNJ20495PQT','138****0910',NULL,'1483078823607279aa382d8904b70a1fa1a832d99eb25','0200'),('LMK04MNV75SZR','281****01046',NULL,'14835145057681064537d215c4dbe986cfe3401b00e27','0200');

/*Table structure for table `appuserorder` */

DROP TABLE IF EXISTS `appuserorder`;

CREATE TABLE `appuserorder` (
  `id` bigint(20) NOT NULL AUTO_INCREMENT COMMENT 'id',
  `userId` varchar(20) NOT NULL COMMENT '用户ID',
  `orderId` varchar(40) NOT NULL COMMENT '订单号',
  `rewarded` int(1) DEFAULT '0' COMMENT '是否已经抽过奖了',
  `placeNames` varchar(160) NOT NULL COMMENT '位置中文名称',
  `places` varchar(160) NOT NULL COMMENT '位置',
  `concessions` varchar(160) DEFAULT NULL,
  `concessionNames` varchar(160) DEFAULT NULL,
  `concessionPrice` int(11) NOT NULL DEFAULT '0' COMMENT '卖品费',
  `totalPrice` int(11) NOT NULL COMMENT '总价格',
  `ticketPrice` int(11) NOT NULL COMMENT '票的价格',
  `cid` varchar(10) NOT NULL,
  `sid` varchar(10) NOT NULL,
  `mid` varchar(10) NOT NULL,
  `state` int(1) NOT NULL DEFAULT '0' COMMENT '状态',
  `sname` varchar(20) NOT NULL,
  `stime` varchar(20) NOT NULL,
  `cadd` varchar(100) DEFAULT NULL,
  `mname` varchar(20) NOT NULL,
  `cname` varchar(50) NOT NULL,
  `createTime` bigint(20) NOT NULL COMMENT '创建订单的时间戳',
  `createDate` datetime NOT NULL COMMENT '创建时间',
  `modifyDate` datetime NOT NULL COMMENT '修改时间',
  `vistaBookingId` varchar(50) DEFAULT NULL COMMENT '验证码',
  `vistaBookingNumber` int(11) DEFAULT NULL COMMENT '取票码',
  PRIMARY KEY (`id`)
) ENGINE=InnoDB AUTO_INCREMENT=89 DEFAULT CHARSET=utf8 ROW_FORMAT=DYNAMIC COMMENT='订单表';

/*Data for the table `appuserorder` */

insert  into `appuserorder`(`id`,`userId`,`orderId`,`rewarded`,`placeNames`,`places`,`concessions`,`concessionNames`,`concessionPrice`,`totalPrice`,`ticketPrice`,`cid`,`sid`,`mid`,`state`,`sname`,`stime`,`cadd`,`mname`,`cname`,`createTime`,`createDate`,`modifyDate`,`vistaBookingId`,`vistaBookingNumber`) values (3,'WebKSM7VPHBYV','1482768081634a8d05b1e9e4d402bb9f',NULL,'6排0座  6排1座  ','0000000001-6-0,0000000001-6-1,',NULL,NULL,0,16000,16000,'0200','37770','HO00010588',1,'9号情侣厅','2016-12-27 11:45:00','VISTA Shanghai Test Cinema','“封”门村','VISTA Shanghai Test Cinema',1482768082343,'2016-12-27 00:01:22','2016-12-27 00:01:22',NULL,NULL),(4,'WebKSM7VPHBYV','14827992627767b395d96d7ab41018e5',NULL,'4排8座  4排9座  ','0000000001-4-9,0000000001-4-8,',NULL,NULL,0,16000,16000,'0200','37770','HO00010588',1,'9号情侣厅','2016-12-27 11:45:00','VISTA Shanghai Test Cinema','“封”门村','VISTA Shanghai Test Cinema',1482799263707,'2016-12-27 08:41:03','2016-12-27 08:41:03',NULL,NULL),(5,'WebKSM7VPHBYV','1482799483849c8dddf3bf06741c6a32',NULL,'6排8座  6排9座  ','0000000001-6-8,0000000001-6-9,',NULL,NULL,0,16000,16000,'0200','37770','HO00010588',1,'9号情侣厅','2016-12-27 11:45:00','VISTA Shanghai Test Cinema','“封”门村','VISTA Shanghai Test Cinema',1482799485018,'2016-12-27 08:44:45','2016-12-27 08:44:45',NULL,NULL),(6,'WebKSM7VPHBYV','14827995384577e3d6fd02bdb43e5ad3',NULL,'6排1座  ','0000000001-6-1,',NULL,NULL,0,8000,8000,'0200','37770','HO00010588',1,'9号情侣厅','2016-12-27 11:45:00','VISTA Shanghai Test Cinema','“封”门村','VISTA Shanghai Test Cinema',1482799538937,'2016-12-27 08:45:38','2016-12-27 08:45:38',NULL,NULL),(7,'WebKSM7VPHBYV','1482799604371a16fbbac775a4a22901',NULL,'4排3座  ','0000000001-4-3,',NULL,NULL,0,8000,8000,'0200','37770','HO00010588',1,'9号情侣厅','2016-12-27 11:45:00','VISTA Shanghai Test Cinema','“封”门村','VISTA Shanghai Test Cinema',1482799604855,'2016-12-27 08:46:44','2016-12-27 08:46:44',NULL,NULL),(8,'WebKSM7VPHBYV','1482799633635a2624b4439b34cf5b81',NULL,'5排4座  ','0000000001-5-4,',NULL,NULL,0,8000,8000,'0200','37770','HO00010588',1,'9号情侣厅','2016-12-27 11:45:00','VISTA Shanghai Test Cinema','“封”门村','VISTA Shanghai Test Cinema',1482803265956,'2016-12-27 09:47:14','2016-12-27 09:49:14',NULL,NULL),(9,'WebKSM7VPHBYV','1482804083613881d974a341b4576a82',NULL,'7排0座  7排1座  ','0000000001-7-1,0000000001-7-0,',NULL,NULL,0,16000,16000,'0200','37770','HO00010588',1,'9号情侣厅','2016-12-27 11:45:00','Rm3505,L35,Hong Kong New World Tower,300 Huaihai Zhong Rd,Shanghai,China','“封”门村','VISTA Shanghai Test Cinema',1482804084283,'2016-12-27 10:01:24','2016-12-27 10:01:24',NULL,NULL),(10,'WebKSM7VPHBYV','14828046940929cf87e02075944a58eb',NULL,'3排7座  3排8座  ','0000000001-3-8,0000000001-3-7,',NULL,NULL,0,16000,16000,'0200','37770','HO00010588',1,'9号情侣厅','2016-12-27 11:45:00','Rm3505,L35,Hong Kong New World Tower,300 Huaihai Zhong Rd,Shanghai,China','“封”门村','VISTA Shanghai Test Cinema',1482804694598,'2016-12-27 10:11:34','2016-12-27 10:11:34',NULL,NULL),(11,'WebKSM7VPHBYV','1482804801334ec3992bae9764125a68',NULL,'7排8座  7排9座  ','0000000001-7-8,0000000001-7-9,',NULL,NULL,0,16000,16000,'0200','37770','HO00010588',1,'9号情侣厅','2016-12-27 11:45:00','Rm3505,L35,Hong Kong New World Tower,300 Huaihai Zhong Rd,Shanghai,China','“封”门村','VISTA Shanghai Test Cinema',1482804801994,'2016-12-27 10:13:22','2016-12-27 10:13:22',NULL,NULL),(12,'WebKSM7VPHBYV','14828126262729284b8cc28334507929',NULL,'3排7座  3排8座  ','0000000001-3-8,0000000001-3-7,',NULL,NULL,0,16000,16000,'0200','37770','HO00010588',1,'9号情侣厅','2016-12-27 11:45:00','Rm3505,L35,Hong Kong New World Tower,300 Huaihai Zhong Rd,Shanghai,China','“封”门村','VISTA Shanghai Test Cinema',1482812626910,'2016-12-27 12:23:46','2016-12-27 12:23:46',NULL,NULL),(13,'WebKSM7VPHBYV','1482812791182f092a45e12d44098815',NULL,'1排0座  1排1座  ','0000000001-1-1,0000000001-1-0,',NULL,NULL,0,16000,16000,'0200','37770','HO00010588',1,'9号情侣厅','2016-12-27 11:45:00','Rm3505,L35,Hong Kong New World Tower,300 Huaihai Zhong Rd,Shanghai,China','“封”门村','VISTA Shanghai Test Cinema',1482812791897,'2016-12-27 12:26:31','2016-12-27 12:26:31',NULL,NULL),(14,'WebKSM7VPHBYV','1482813029939d7ef087dce6b4153aba',NULL,'7排0座  7排1座  ','0000000001-7-1,0000000001-7-0,',NULL,NULL,0,16000,16000,'0200','37770','HO00010588',1,'9号情侣厅','2016-12-27 11:45:00','Rm3505,L35,Hong Kong New World Tower,300 Huaihai Zhong Rd,Shanghai,China','“封”门村','VISTA Shanghai Test Cinema',1482813030923,'2016-12-27 12:30:30','2016-12-27 12:30:30',NULL,NULL),(15,'WebKSM7VPHBYV','14828134696425e0738aa8ae948ae947',NULL,'4排6座  4排7座  ','0000000001-4-7,0000000001-4-6,',NULL,NULL,0,16000,16000,'0200','36817','HO00010781',1,'一号厅','2016-12-27 18:45:00','Rm3505,L35,Hong Kong New World Tower,300 Huaihai Zhong Rd,Shanghai,China','人间小团圆','VISTA Shanghai Test Cinema',1482813470139,'2016-12-27 12:37:50','2016-12-27 12:37:50',NULL,NULL),(16,'WebKSM7VPHBYV','1482813582550df5d3821759c4576832',NULL,'6排10座  6排11座  ','0000000001-6-11,0000000001-6-10,',NULL,NULL,0,16000,16000,'0200','36817','HO00010781',1,'一号厅','2016-12-27 18:45:00','Rm3505,L35,Hong Kong New World Tower,300 Huaihai Zhong Rd,Shanghai,China','人间小团圆','VISTA Shanghai Test Cinema',1482813583146,'2016-12-27 12:39:43','2016-12-27 12:39:43',NULL,NULL),(17,'WebKSM7VPHBYV','1482813647226ae8f452b3b7a441baba',NULL,'5排3座  5排4座  ','0000000001-5-3,0000000001-5-4,',NULL,NULL,0,16000,16000,'0200','36817','HO00010781',1,'一号厅','2016-12-27 18:45:00','Rm3505,L35,Hong Kong New World Tower,300 Huaihai Zhong Rd,Shanghai,China','人间小团圆','VISTA Shanghai Test Cinema',1482813647815,'2016-12-27 12:40:47','2016-12-27 12:40:47',NULL,NULL),(18,'WebKSM7VPHBYV','148281370735379a8bad41a1344cb8d5',NULL,'4排10座  4排11座  ','0000000001-4-10,0000000001-4-11,',NULL,NULL,0,16000,16000,'0200','36817','HO00010781',1,'一号厅','2016-12-27 18:45:00','Rm3505,L35,Hong Kong New World Tower,300 Huaihai Zhong Rd,Shanghai,China','人间小团圆','VISTA Shanghai Test Cinema',1482813708010,'2016-12-27 12:41:48','2016-12-27 12:41:48',NULL,NULL),(19,'WebKSM7VPHBYV','1482817832900bf04d539a22940d6adb',NULL,'4排7座  4排8座  ','0000000001-4-7,0000000001-4-8,',NULL,NULL,0,16000,16000,'0200','36817','HO00010781',1,'一号厅','2016-12-27 18:45:00','Rm3505,L35,Hong Kong New World Tower,300 Huaihai Zhong Rd,Shanghai,China','人间小团圆','VISTA Shanghai Test Cinema',1482817833680,'2016-12-27 13:50:33','2016-12-27 13:50:33',NULL,NULL),(20,'WebKSM7VPHBYV','14828197681527458ae5f4ac74ef1947',NULL,'4排6座  4排7座  ','0000000001-4-7,0000000001-4-6,',NULL,NULL,0,16000,16000,'0200','36817','HO00010781',1,'一号厅','2016-12-27 18:45:00','Rm3505,L35,Hong Kong New World Tower,300 Huaihai Zhong Rd,Shanghai,China','人间小团圆','VISTA Shanghai Test Cinema',1482819768890,'2016-12-27 14:22:48','2016-12-27 14:22:48',NULL,NULL),(21,'WebKSM7VPHBYV','14828221627690560f09615ce494695f',NULL,'5排6座  5排7座  ','0000000001-5-7,0000000001-5-6,',NULL,NULL,0,16000,16000,'0200','36817','HO00010781',1,'一号厅','2016-12-27 18:45:00','Rm3505,L35,Hong Kong New World Tower,300 Huaihai Zhong Rd,Shanghai,China','人间小团圆','VISTA Shanghai Test Cinema',1482822164516,'2016-12-27 15:02:44','2016-12-27 15:02:44',NULL,NULL),(22,'WebKSM7VPHBYV','1482823080124675b3080ca304b5e889',NULL,'3排8座  3排9座  ','0000000001-3-9,0000000001-3-8,',NULL,NULL,0,16000,16000,'0200','36817','HO00010781',3,'一号厅','2016-12-27 18:45:00','Rm3505,L35,Hong Kong New World Tower,300 Huaihai Zhong Rd,Shanghai,China','人间小团圆','VISTA Shanghai Test Cinema',1482823081193,'2016-12-27 15:18:01','2016-12-27 15:24:27','104999590',114127),(23,'WebKSM7VPHBYV','148292450393227f1638636e446f7ad4',NULL,'5排10座  5排11座  ','0000000001-4-10,0000000001-4-9,',NULL,NULL,0,16000,16000,'0200','36881','HO00010781',1,'一号厅','2016-12-29 20:25:00','Rm3505,L35,Hong Kong New World Tower,300 Huaihai Zhong Rd,Shanghai,China','人间小团圆','VISTA Shanghai Test Cinema',1482924504882,'2016-12-28 19:28:24','2016-12-28 19:28:24',NULL,NULL),(24,'WebKSM7VPHBYV','14829762357337e6720665f3d4c94b14',NULL,'3排3座  3排4座  ','0000000001-3-4,0000000001-3-3,',NULL,NULL,0,16000,16000,'0200','36938','HO00010588',1,'9号情侣厅','2016-12-30 07:55:00','Rm3505,L35,Hong Kong New World Tower,300 Huaihai Zhong Rd,Shanghai,China','“封”门村','VISTA Shanghai Test Cinema',1482976236678,'2016-12-29 09:50:36','2016-12-29 09:50:36',NULL,NULL),(25,'LMK6R9B0XNQ06','1483007748138adb9a7187adb4beb8b4',NULL,'5排7座  5排8座  ','0000000001-5-7,0000000001-5-8,',NULL,NULL,0,16000,16000,'0200','36881','HO00010781',1,'一号厅','2016-12-29 20:25:00','Rm3505,L35,Hong Kong New World Tower,300 Huaihai Zhong Rd,Shanghai,China','人间小团圆','VISTA Shanghai Test Cinema',1483007750352,'2016-12-29 18:35:50','2016-12-29 18:35:50',NULL,NULL),(26,'LMK6R9B0XNQ06','14830102241416432d0b33c5f488da85',NULL,'5排7座  5排8座  ','0000000001-5-7,0000000001-5-8,',NULL,NULL,0,16000,16000,'0200','36881','HO00010781',1,'一号厅','2016-12-29 20:25:00','Rm3505,L35,Hong Kong New World Tower,300 Huaihai Zhong Rd,Shanghai,China','人间小团圆','VISTA Shanghai Test Cinema',1483010225832,'2016-12-29 19:17:05','2016-12-29 19:17:05',NULL,NULL),(27,'LMK6R9B0XNQ06','1483062528569c39f5c777d9647809ea',NULL,'5排7座  5排8座  ','0000000001-5-7,0000000001-5-8,',NULL,NULL,0,16000,16000,'0200','36913','HO00010781',1,'一号厅','2016-12-30 17:35:00','Rm3505,L35,Hong Kong New World Tower,300 Huaihai Zhong Rd,Shanghai,China','人间小团圆','VISTA Shanghai Test Cinema',1483062630340,'2016-12-30 09:48:50','2016-12-30 09:48:50',NULL,NULL),(28,'LMK6R9B0XNQ06','1483065195231dc53361eeda7490ca0f',NULL,'4排6座  4排7座  ','0000000001-4-7,0000000001-4-6,',NULL,NULL,0,16000,16000,'0200','36913','HO00010781',3,'一号厅','2016-12-30 17:35:00','Rm3505,L35,Hong Kong New World Tower,300 Huaihai Zhong Rd,Shanghai,China','人间小团圆','VISTA Shanghai Test Cinema',1483065197001,'2016-12-30 10:33:17','2016-12-30 10:33:21','228469475',114146),(29,'LMK6R9B0XNQ06','14830658437902ef9f966ac254f9189f',NULL,'3排8座  3排9座  ','0000000001-3-9,0000000001-3-8,',NULL,NULL,0,16000,16000,'0200','36913','HO00010781',3,'一号厅','2016-12-30 17:35:00','Rm3505,L35,Hong Kong New World Tower,300 Huaihai Zhong Rd,Shanghai,China','人间小团圆','VISTA Shanghai Test Cinema',1483065845106,'2016-12-30 10:44:05','2016-12-30 10:44:11',NULL,NULL),(30,'LMK6R9B0XNQ06','14830660150581c3f00e452fa4c6c80c',NULL,'5排9座  5排10座  ','0000000001-5-10,0000000001-5-9,',NULL,NULL,0,16000,16000,'0200','36913','HO00010781',3,'一号厅','2016-12-30 17:35:00','Rm3505,L35,Hong Kong New World Tower,300 Huaihai Zhong Rd,Shanghai,China','人间小团圆','VISTA Shanghai Test Cinema',1483066016508,'2016-12-30 10:46:56','2016-12-30 10:47:02','125763585',114148),(31,'LMKNJ20495PQT','1483078836871cb94429ee7a94bfbb88',NULL,'2排2座  2排3座  ','0000000001-2-3,0000000001-2-2,',NULL,NULL,0,16000,16000,'0200','36913','HO00010781',3,'一号厅','2016-12-30 17:35:00','Rm3505,L35,Hong Kong New World Tower,300 Huaihai Zhong Rd,Shanghai,China','人间小团圆','VISTA Shanghai Test Cinema',1483078837743,'2016-12-30 14:20:37','2016-12-30 14:20:43','198717198',114158),(32,'LMKNJ20495PQT','14830789546680464c842f8174715857',NULL,'1排6座  1排7座  ','0000000001-1-7,0000000001-1-6,',NULL,NULL,0,16000,16000,'0200','36913','HO00010781',3,'一号厅','2016-12-30 17:35:00','Rm3505,L35,Hong Kong New World Tower,300 Huaihai Zhong Rd,Shanghai,China','人间小团圆','VISTA Shanghai Test Cinema',1483078955282,'2016-12-30 14:22:35','2016-12-30 14:22:39','106376129',114160),(33,'LMKNJ20495PQT','1483079973361b7c32f3dab8e46b0a31',NULL,'1排10座  1排11座  ','0000000001-1-10,0000000001-1-11,',NULL,NULL,0,16000,16000,'0200','36913','HO00010781',3,'一号厅','2016-12-30 17:35:00','Rm3505,L35,Hong Kong New World Tower,300 Huaihai Zhong Rd,Shanghai,China','人间小团圆','VISTA Shanghai Test Cinema',1483079974127,'2016-12-30 14:39:34','2016-12-30 14:39:39','201473689',114165),(34,'LMKNJ20495PQT','14830800434222aba70f1e190486688a',NULL,'6排2座  ','0000000001-6-2,',NULL,NULL,0,8000,8000,'0200','36913','HO00010781',3,'一号厅','2016-12-30 17:35:00','Rm3505,L35,Hong Kong New World Tower,300 Huaihai Zhong Rd,Shanghai,China','人间小团圆','VISTA Shanghai Test Cinema',1483080044026,'2016-12-30 14:40:44','2016-12-30 14:40:56','317708823',114166),(35,'LMKNJ20495PQT','14830808938894b784f2dc763433f900',NULL,'4排2座  4排3座  ','0000000001-4-3,0000000001-4-2,',NULL,NULL,0,16000,16000,'0200','36913','HO00010781',3,'一号厅','2016-12-30 17:35:00','Rm3505,L35,Hong Kong New World Tower,300 Huaihai Zhong Rd,Shanghai,China','人间小团圆','VISTA Shanghai Test Cinema',1483080894529,'2016-12-30 14:54:54','2016-12-30 14:54:59','255795035',114171),(36,'LMKNJ20495PQT','1483080980985c6afa8fd67aa435c995',NULL,'5排4座  ','0000000001-5-4,',NULL,NULL,0,8000,8000,'0200','36943','HO00010781',3,'一号厅','2016-12-31 10:35:00','Rm3505,L35,Hong Kong New World Tower,300 Huaihai Zhong Rd,Shanghai,China','人间小团圆','VISTA Shanghai Test Cinema',1483080981621,'2016-12-30 14:56:21','2016-12-30 14:56:36','198084232',114172),(37,'LMKNJ20495PQT','14830814555810417bef417794cebbb2',NULL,'4排4座  ','0000000001-4-4,',NULL,NULL,0,8000,8000,'0200','36943','HO00010781',3,'一号厅','2016-12-31 10:35:00','Rm3505,L35,Hong Kong New World Tower,300 Huaihai Zhong Rd,Shanghai,China','人间小团圆','VISTA Shanghai Test Cinema',1483081456470,'2016-12-30 15:04:16','2016-12-30 15:04:21','248546457',114173),(38,'LMKNJ20495PQT','1483082331168ebbe0370513c40d2885',NULL,'3排7座  ','0000000001-3-7,',NULL,NULL,0,8000,8000,'0200','36945','HO00010781',3,'一号厅','2016-12-31 16:55:00','Rm3505,L35,Hong Kong New World Tower,300 Huaihai Zhong Rd,Shanghai,China','人间小团圆','VISTA Shanghai Test Cinema',1483082331813,'2016-12-30 15:18:51','2016-12-30 15:18:56','292534583',114174),(39,'LMKNJ20495PQT','14830823647190e4d83fcae9047eeb3f',NULL,'3排8座  ','0000000001-3-8,',NULL,NULL,0,8000,8000,'0200','36945','HO00010781',3,'一号厅','2016-12-31 16:55:00','Rm3505,L35,Hong Kong New World Tower,300 Huaihai Zhong Rd,Shanghai,China','人间小团圆','VISTA Shanghai Test Cinema',1483082365342,'2016-12-30 15:19:25','2016-12-30 15:19:29','160847359',114175),(40,'LMKNJ20495PQT','1483082446044a023605ad3fe48ca802',NULL,'4排9座  ','0000000001-4-9,',NULL,NULL,0,8000,8000,'0200','36945','HO00010781',3,'一号厅','2016-12-31 16:55:00','Rm3505,L35,Hong Kong New World Tower,300 Huaihai Zhong Rd,Shanghai,China','人间小团圆','VISTA Shanghai Test Cinema',1483082446865,'2016-12-30 15:20:46','2016-12-30 15:20:50','123216971',114176),(41,'LMKNJ20495PQT','1483094333745a0910cad942a457187f',NULL,'5排3座  ','0000000001-5-3,',NULL,NULL,0,8000,8000,'0200','36945','HO00010781',3,'一号厅','2016-12-31 16:55:00','Rm3505,L35,Hong Kong New World Tower,300 Huaihai Zhong Rd,Shanghai,China','人间小团圆','VISTA Shanghai Test Cinema',1483094334874,'2016-12-30 18:38:54','2016-12-30 18:42:14','269491332',114179),(42,'LMKNJ20495PQT','1483259154589208df5a569fe420799a',NULL,'3排4座  3排5座  ','0000000001-3-4,0000000001-3-5,',NULL,NULL,0,16000,16000,'0200','36975','HO00010781',2,'一号厅','2017-01-01 18:00:00','Rm3505,L35,Hong Kong New World Tower,300 Huaihai Zhong Rd,Shanghai,China','人间小团圆','VISTA Shanghai Test Cinema',1483259156265,'2017-01-01 16:25:56','2017-01-03 17:41:18',NULL,NULL),(43,'LMKNJ20495PQT','1483260732635aefcc60d014e4c44a06',NULL,'5排7座  5排8座  ','0000000001-5-7,0000000001-5-8,',NULL,NULL,0,16000,16000,'0200','37072','HO00010781',2,'一号厅','2017-01-04 18:25:00','Rm3505,L35,Hong Kong New World Tower,300 Huaihai Zhong Rd,Shanghai,China','人间小团圆','VISTA Shanghai Test Cinema',1483260733547,'2017-01-01 16:52:13','2017-01-03 17:41:14',NULL,NULL),(44,'LMKNJ20495PQT','14832617119284efe101266b5453bbe0',NULL,'5排8座  5排9座  ','0000000001-5-9,0000000001-5-8,',NULL,NULL,0,16000,16000,'0200','36976','HO00010781',2,'一号厅','2017-01-01 21:10:00','Rm3505,L35,Hong Kong New World Tower,300 Huaihai Zhong Rd,Shanghai,China','人间小团圆','VISTA Shanghai Test Cinema',1483261712770,'2017-01-01 17:08:32','2017-01-03 17:41:14',NULL,NULL),(45,'LMKNJ20495PQT','148331967116338dabc0825524e9295a',NULL,'4排4座  4排5座  ','0000000001-4-4,0000000001-4-5,',NULL,NULL,0,16000,16000,'0200','37008','HO00010781',2,'一号厅','2017-01-02 18:05:00','Rm3505,L35,Hong Kong New World Tower,300 Huaihai Zhong Rd,Shanghai,China','人间小团圆','VISTA Shanghai Test Cinema',1483319672723,'2017-01-02 09:14:32','2017-01-03 17:41:14',NULL,NULL),(46,'LMKNJ20495PQT','1483321447881cbb8e7f745744097a9e',NULL,'4排6座  4排7座  ','0000000001-4-7,0000000001-4-6,',NULL,NULL,0,16000,16000,'0200','37008','HO00010781',2,'一号厅','2017-01-02 18:05:00','Rm3505,L35,Hong Kong New World Tower,300 Huaihai Zhong Rd,Shanghai,China','人间小团圆','VISTA Shanghai Test Cinema',1483321449015,'2017-01-02 09:44:09','2017-01-03 17:41:14',NULL,NULL),(47,'LMKNJ20495PQT','1483322695154e179257dbf7a4e27990',NULL,'4排7座  4排8座  ','0000000001-4-7,0000000001-4-8,',NULL,NULL,0,16000,16000,'0200','37009','HO00010781',2,'一号厅','2017-01-02 21:15:00','Rm3505,L35,Hong Kong New World Tower,300 Huaihai Zhong Rd,Shanghai,China','人间小团圆','VISTA Shanghai Test Cinema',1483322696199,'2017-01-02 10:04:56','2017-01-03 17:41:14',NULL,NULL),(48,'LMKNJ20495PQT','148332365598348d0132374aa43458b0',NULL,'4排7座  4排8座  ','0000000001-4-7,0000000001-4-8,','','',0,16000,16000,'0200','37009','HO00010781',2,'一号厅','2017-01-02 21:15:00','Rm3505,L35,Hong Kong New World Tower,300 Huaihai Zhong Rd,Shanghai,China','人间小团圆','VISTA Shanghai Test Cinema',1483323656785,'2017-01-02 10:20:56','2017-01-03 17:41:08',NULL,NULL),(49,'LMKNJ20495PQT','148334459864629d1c899b8fb4d8fa30',NULL,'5排6座  5排7座  ','0000000001-5-7,0000000001-5-6,','1545-1,176-1','120oz混合爆米花(52oz锅)  1 份\n3D成人眼镜  1 份',4400,16000,16000,'0200','37009','HO00010781',2,'一号厅','2017-01-02 21:15:00','Rm3505,L35,Hong Kong New World Tower,300 Huaihai Zhong Rd,Shanghai,China','人间小团圆','VISTA Shanghai Test Cinema',1483344599826,'2017-01-02 16:09:59','2017-01-03 17:41:08',NULL,NULL),(50,'LMKNJ20495PQT','14833460426464ea69ce414fd492f9f0',NULL,'6排6座  6排7座  ','0000000001-6-7,0000000001-6-6,','1545-1,176-1','120oz混合爆米花(52oz锅)  1 份\n3D成人眼镜  1 份',4400,20400,16000,'0200','37009','HO00010781',2,'一号厅','2017-01-02 21:15:00','Rm3505,L35,Hong Kong New World Tower,300 Huaihai Zhong Rd,Shanghai,China','人间小团圆','VISTA Shanghai Test Cinema',1483346043761,'2017-01-02 16:34:03','2017-01-03 17:41:08',NULL,NULL),(51,'LMKNJ20495PQT','1483347045866f640942192c24c6e9c5',NULL,'5排8座  5排9座  ','0000000001-5-9,0000000001-5-8,','1545-1,176-1','120oz混合爆米花(52oz锅)  1 份\n3D成人眼镜  1 份',4400,20400,16000,'0200','37009','HO00010781',2,'一号厅','2017-01-02 21:15:00','Rm3505,L35,Hong Kong New World Tower,300 Huaihai Zhong Rd,Shanghai,China','人间小团圆','VISTA Shanghai Test Cinema',1483347046731,'2017-01-02 16:50:46','2017-01-03 17:41:08',NULL,NULL),(52,'LMKNJ20495PQT','14834115012393ad3fef8c0ee422591d',NULL,'4排6座  4排7座  ','0000000001-4-7,0000000001-4-6,','1545-1,176-1','120oz混合爆米花(52oz锅)  1 份\n3D成人眼镜  1 份',4400,20400,16000,'0200','37134','HO00010781',2,'一号厅','2017-01-06 09:10:00','Rm3505,L35,Hong Kong New World Tower,300 Huaihai Zhong Rd,Shanghai,China','人间小团圆','VISTA Shanghai Test Cinema',1483411501934,'2017-01-03 10:45:01','2017-01-03 17:41:08',NULL,NULL),(53,'LMKNJ20495PQT','14834209247902a87d14bacbf45eda24',NULL,'4排7座  4排8座  ','0000000001-4-7,0000000001-4-8,','1545-1,176-1','120oz混合爆米花(52oz锅)  1 份\n3D成人眼镜  1 份',4400,20400,16000,'0200','37073','HO00010781',3,'一号厅','2017-01-04 21:35:00','Rm3505,L35,Hong Kong New World Tower,300 Huaihai Zhong Rd,Shanghai,China','人间小团圆','VISTA Shanghai Test Cinema',1483420925742,'2017-01-03 13:22:05','2017-01-03 13:24:33','222750955',114188),(54,'LMKNJ20495PQT','148342242967593f64e78c75a46e7b7c',NULL,'2排1座  2排2座  ','0000000001-2-2,0000000001-2-1,',NULL,NULL,0,16000,16000,'0200','37041','HO00010781',2,'一号厅','2017-01-03 21:45:00','Rm3505,L35,Hong Kong New World Tower,300 Huaihai Zhong Rd,Shanghai,China','人间小团圆','VISTA Shanghai Test Cinema',1483422430536,'2017-01-03 13:47:10','2017-01-03 18:08:14',NULL,NULL),(55,'LMKNJ20495PQT','1483423625739a31edc9d26ce479ab38',NULL,'3排10座  3排11座  ','0000000001-2-9,0000000001-2-10,',NULL,NULL,0,16000,16000,'0200','37041','HO00010781',2,'一号厅','2017-01-03 21:45:00','Rm3505,L35,Hong Kong New World Tower,300 Huaihai Zhong Rd,Shanghai,China','人间小团圆','VISTA Shanghai Test Cinema',1483423626429,'2017-01-03 14:07:06','2017-01-03 18:08:13',NULL,NULL),(56,'LMKNJ20495PQT','1483424386940ee3c6cb9de194598bb3',NULL,'6排9座  6排10座  ','0000000001-5-9,0000000001-5-8,','','',0,16000,16000,'0200','37041','HO00010781',2,'一号厅','2017-01-03 21:45:00','Rm3505,L35,Hong Kong New World Tower,300 Huaihai Zhong Rd,Shanghai,China','人间小团圆','VISTA Shanghai Test Cinema',1483424388863,'2017-01-03 14:19:48','2017-01-03 18:08:13',NULL,NULL),(57,'LMKNJ20495PQT','1483434723494952a8fea28a64c8684a',NULL,'6排9座  6排10座  ','0000000001-5-9,0000000001-5-8,',NULL,NULL,0,16000,16000,'0200','37073','HO00010781',2,'一号厅','2017-01-04 21:35:00','Rm3505,L35,Hong Kong New World Tower,300 Huaihai Zhong Rd,Shanghai,China','人间小团圆','VISTA Shanghai Test Cinema',1483434724203,'2017-01-03 17:12:04','2017-01-03 18:08:13',NULL,NULL),(58,'LMKNJ20495PQT','148345142823709cb0451ae634999bdd',NULL,'3排6座  3排7座  ','0000000001-2-6,0000000001-2-5,',NULL,NULL,0,10000,10000,'0200','37073','HO00010781',2,'一号厅','2017-01-04 21:35:00','Rm3505,L35,Hong Kong New World Tower,300 Huaihai Zhong Rd,Shanghai,China','人间小团圆','VISTA Shanghai Test Cinema',1483451429763,'2017-01-03 21:50:29','2017-01-04 14:18:37',NULL,NULL),(59,'LMKNJ20495PQT','1483510743026484479eb70c84fa3a6a',NULL,'4排9座  4排10座  ','0000000001-3-9,0000000001-3-8,','','',0,10000,10000,'0200','37073','HO00010781',1,'一号厅','2017-01-04 21:35:00','上海市杨浦区控江路1628号紫荆广场5楼','人间小团圆','VISTA Shanghai Test Cinema',1483510743747,'2017-01-04 14:19:03','2017-01-04 14:19:06',NULL,NULL),(60,'LMK04MNV75SZR','1483516617240f354ebe15d994b43b0c',NULL,'5排5座  5排6座  ','0000000001-4-4,0000000001-4-5,',NULL,NULL,0,10000,10000,'0200','37073','HO00010781',4,'一号厅','2017-01-04 21:35:00','上海市杨浦区控江路1628号紫荆广场5楼','人间小团圆','VISTA Shanghai Test Cinema',1483516618839,'2017-01-04 15:56:58','2017-01-04 16:09:30',NULL,NULL),(61,'LMK04MNV75SZR','1483517515572c6454054c8b54ca7a29',NULL,'4排6座  4排7座  ','0000000001-3-6,0000000001-3-5,','','',0,10000,10000,'0200','37073','HO00010781',4,'一号厅','2017-01-04 21:35:00','上海市杨浦区控江路1628号紫荆广场5楼','人间小团圆','VISTA Shanghai Test Cinema',1483517516969,'2017-01-04 16:11:56','2017-01-04 16:24:12',NULL,NULL),(62,'WebKSM7VPHBYV','14835176850500662f49776a844a6804',NULL,'5排2座  5排3座  ','0000000001-4-2,0000000001-4-1,','','',0,10000,10000,'0200','37073','HO00010781',2,'一号厅','2017-01-04 21:35:00','上海市杨浦区控江路1628号紫荆广场5楼','人间小团圆','VISTA Shanghai Test Cinema',1483517685633,'2017-01-04 16:14:45','2017-01-04 16:36:48',NULL,NULL),(63,'WebKSM7VPHBYV','1483517706549e4a639ae90934ffaa48',NULL,'6排5座  6排6座  ','0000000001-5-5,0000000001-5-4,',NULL,NULL,0,10000,10000,'0200','37073','HO00010781',2,'一号厅','2017-01-04 21:35:00','上海市杨浦区控江路1628号紫荆广场5楼','人间小团圆','VISTA Shanghai Test Cinema',1483517707101,'2017-01-04 16:15:07','2017-01-04 16:36:48',NULL,NULL),(64,'WebKSM7VPHBYV','1483517778547fcfc80433d8444c096f',NULL,'2排8座  2排9座  ','0000000001-1-7,0000000001-1-8,',NULL,NULL,0,10000,10000,'0200','37073','HO00010781',4,'一号厅','2017-01-04 21:35:00','上海市杨浦区控江路1628号紫荆广场5楼','人间小团圆','VISTA Shanghai Test Cinema',1483517779099,'2017-01-04 16:16:19','2017-01-04 16:16:21',NULL,NULL),(65,'WebKSM7VPHBYV','148351801912823f4fb410e90454eb59',NULL,'3排10座  3排11座  ','0000000001-2-9,0000000001-2-10,',NULL,NULL,0,10000,10000,'0200','37073','HO00010781',2,'一号厅','2017-01-04 21:35:00','上海市杨浦区控江路1628号紫荆广场5楼','人间小团圆','VISTA Shanghai Test Cinema',1483518019800,'2017-01-04 16:20:19','2017-01-04 16:36:48',NULL,NULL),(66,'WebKSM7VPHBYV','148351806829946c24722359d4ecbb38',NULL,'3排2座  3排3座  ','0000000001-2-2,0000000001-2-1,',NULL,NULL,0,10000,10000,'0200','37073','HO00010781',4,'一号厅','2017-01-04 21:35:00','上海市杨浦区控江路1628号紫荆广场5楼','人间小团圆','VISTA Shanghai Test Cinema',1483518068830,'2017-01-04 16:21:08','2017-01-04 16:21:15',NULL,NULL),(67,'WebKSM7VPHBYV','1483518087496bc26cdf45fd840989f5',NULL,'2排10座  2排11座  ','0000000001-1-10,0000000001-1-9,',NULL,NULL,0,10000,10000,'0200','37073','HO00010781',4,'一号厅','2017-01-04 21:35:00','上海市杨浦区控江路1628号紫荆广场5楼','人间小团圆','VISTA Shanghai Test Cinema',1483518088020,'2017-01-04 16:21:28','2017-01-04 16:21:35',NULL,NULL),(68,'WebKSM7VPHBYV','14835183271080c7d7dd3168f4cbb93f',NULL,'3排7座  3排8座  ','0000000001-2-7,0000000001-2-6,','','',0,10000,10000,'0200','37073','HO00010781',4,'一号厅','2017-01-04 21:35:00','上海市杨浦区控江路1628号紫荆广场5楼','人间小团圆','VISTA Shanghai Test Cinema',1483518327630,'2017-01-04 16:25:27','2017-01-04 16:25:31',NULL,NULL),(69,'LMK04MNV75SZR','1483518358961296da3c55f424811a9a',NULL,'6排10座  6排11座  ','0000000001-5-10,0000000001-5-9,','','',0,10000,10000,'0200','37073','HO00010781',4,'一号厅','2017-01-04 21:35:00','上海市杨浦区控江路1628号紫荆广场5楼','人间小团圆','VISTA Shanghai Test Cinema',1483518360403,'2017-01-04 16:26:00','2017-01-04 16:26:55',NULL,NULL),(70,'LMK04MNV75SZR','1483518428188a3616bffc94d4d34be2',NULL,'5排11座  5排12座  ','0000000001-4-10,0000000001-4-11,','','',0,10000,10000,'0200','37073','HO00010781',4,'一号厅','2017-01-04 21:35:00','上海市杨浦区控江路1628号紫荆广场5楼','人间小团圆','VISTA Shanghai Test Cinema',1483518429554,'2017-01-04 16:27:09','2017-01-04 16:27:35',NULL,NULL),(71,'WebKSM7VPHBYV','148351848052067d3210bf5c74e32b59',NULL,'6排10座  6排11座  ','0000000001-5-10,0000000001-5-9,','','',0,10000,10000,'0200','37073','HO00010781',4,'一号厅','2017-01-04 21:35:00','上海市杨浦区控江路1628号紫荆广场5楼','人间小团圆','VISTA Shanghai Test Cinema',1483518481066,'2017-01-04 16:28:01','2017-01-04 16:28:11',NULL,NULL),(72,'WebKSM7VPHBYV','1483518603297a0c6c23022994adf9cb',NULL,'7排2座  7排3座  ','0000000001-6-1,0000000001-6-2,','','',0,10000,10000,'0200','37073','HO00010781',4,'一号厅','2017-01-04 21:35:00','上海市杨浦区控江路1628号紫荆广场5楼','人间小团圆','VISTA Shanghai Test Cinema',1483518603801,'2017-01-04 16:30:03','2017-01-04 16:34:58',NULL,NULL),(73,'WebKSM7VPHBYV','14835187731982c3e7591d5f1494dac0',NULL,'5排11座  5排12座  ','0000000001-4-10,0000000001-4-11,','','',0,10000,10000,'0200','37073','HO00010781',4,'一号厅','2017-01-04 21:35:00','上海市杨浦区控江路1628号紫荆广场5楼','人间小团圆','VISTA Shanghai Test Cinema',1483518774041,'2017-01-04 16:32:54','2017-01-04 16:35:32',NULL,NULL),(74,'WebKSM7VPHBYV','14835190244463ce7efc4b58b4f77ad0',NULL,'5排3座  5排4座  ','0000000001-4-3,0000000001-4-2,',NULL,NULL,0,10000,10000,'0200','37073','HO00010781',4,'一号厅','2017-01-04 21:35:00','上海市杨浦区控江路1628号紫荆广场5楼','人间小团圆','VISTA Shanghai Test Cinema',1483519024967,'2017-01-04 16:37:04','2017-01-04 16:37:07',NULL,NULL),(75,'WebKSM7VPHBYV','1483519076365fe98b85f4242487c929',NULL,'5排3座  5排5座  ','0000000001-4-4,0000000001-4-2,',NULL,NULL,0,10000,10000,'0200','37073','HO00010781',4,'一号厅','2017-01-04 21:35:00','上海市杨浦区控江路1628号紫荆广场5楼','人间小团圆','VISTA Shanghai Test Cinema',1483519076882,'2017-01-04 16:37:56','2017-01-04 16:38:01',NULL,NULL),(76,'WebKSM7VPHBYV','14835191326608d8e29bd2bb94a519af',NULL,'4排6座  5排6座  ','0000000001-3-5,0000000001-4-5,','','',0,10000,10000,'0200','37073','HO00010781',4,'一号厅','2017-01-04 21:35:00','上海市杨浦区控江路1628号紫荆广场5楼','人间小团圆','VISTA Shanghai Test Cinema',1483519133283,'2017-01-04 16:38:53','2017-01-04 16:42:43',NULL,NULL),(77,'LMK04MNV75SZR','148359507385295feba17720347e588c',NULL,'3排7座  3排8座  ','0000000001-2-7,0000000001-2-6,','','',0,10000,10000,'0200','37105','HO00010781',3,'一号厅','2017-01-05 21:40:00','上海市杨浦区控江路1628号紫荆广场5楼','人间小团圆','VISTA Shanghai Test Cinema',1483595075475,'2017-01-05 13:44:35','2017-01-05 13:44:51','160791103',114209),(78,'LMK04MNV75SZR','14836008078635e875e46d9c044af8a7',NULL,'6排8座  6排9座  ','0000000001-5-8,0000000001-5-7,','1545-1,2818-1','120oz混合爆米花(52oz锅)  1 份\n积分兑换转盘游戏次数  1 份',2500,12500,10000,'0200','37105','HO00010781',3,'一号厅','2017-01-05 21:40:00','上海市杨浦区控江路1628号紫荆广场5楼','人间小团圆','VISTA Shanghai Test Cinema',1483600809700,'2017-01-05 15:20:09','2017-01-05 15:23:23','150117523',114219),(79,'LMK04MNV75SZR','14836011208355c4375f0908146f4b79',NULL,'6排10座  6排11座  ','0000000001-5-9,0000000001-5-10,',NULL,NULL,0,10000,10000,'0200','37105','HO00010781',4,'一号厅','2017-01-05 21:40:00','上海市杨浦区控江路1628号紫荆广场5楼','人间小团圆','VISTA Shanghai Test Cinema',1483601122457,'2017-01-05 15:25:22','2017-01-05 15:26:12',NULL,NULL),(80,'LMK04MNV75SZR','1483612808555ca2303d21f884bbdb69',NULL,'5排3座  ','0000000001-4-2,','','',0,5000,5000,'0200','37105','HO00010781',3,'一号厅','2017-01-05 21:40:00','上海市杨浦区控江路1628号紫荆广场5楼','人间小团圆','VISTA Shanghai Test Cinema',1483612810245,'2017-01-05 18:40:10','2017-01-05 18:40:14','113156563',114222),(81,'LMK04MNV75SZR','1483612868491fffb06b4c8f0456cbd9',NULL,'6排11座  ','0000000001-5-10,','','',0,5000,5000,'0200','37105','HO00010781',3,'一号厅','2017-01-05 21:40:00','上海市杨浦区控江路1628号紫荆广场5楼','人间小团圆','VISTA Shanghai Test Cinema',1483612869855,'2017-01-05 18:41:09','2017-01-05 18:43:05','165083795',114223),(82,'LMK04MNV75SZR','1483613047293014d54a9340e4f7db3b',NULL,'5排11座  ','0000000001-4-10,','','',0,5000,5000,'0200','37105','HO00010781',3,'一号厅','2017-01-05 21:40:00','上海市杨浦区控江路1628号紫荆广场5楼','人间小团圆','VISTA Shanghai Test Cinema',1483613048728,'2017-01-05 18:44:08','2017-01-05 18:44:14','185940001',114224),(83,'LMK04MNV75SZR','1483613111091f135bb689b1c432b92f',NULL,'2排12座  ','0000000001-1-11,','','',0,5000,5000,'0200','37105','HO00010781',3,'一号厅','2017-01-05 21:40:00','上海市杨浦区控江路1628号紫荆广场5楼','人间小团圆','VISTA Shanghai Test Cinema',1483613112524,'2017-01-05 18:45:12','2017-01-05 18:45:17','104515609',114225),(84,'LMK04MNV75SZR','1483613172210c2a87d2ebedd433ea9c',NULL,'2排11座  ','0000000001-1-10,','','',0,5000,5000,'0200','37105','HO00010781',3,'一号厅','2017-01-05 21:40:00','上海市杨浦区控江路1628号紫荆广场5楼','人间小团圆','VISTA Shanghai Test Cinema',1483613173937,'2017-01-05 18:46:13','2017-01-05 18:46:18','158239428',114226),(85,'LMK04MNV75SZR','1483805363097a20121f2229547d5b9d',NULL,'6排6座  6排7座  ','0000000001-5-5,0000000001-5-6,','','',0,10000,10000,'0200','37201','HO00010781',3,'一号厅','2017-01-08 16:25:00','上海市杨浦区控江路1628号紫荆广场5楼','人间小团圆','VISTA Shanghai Test Cinema',1483805364990,'2017-01-08 00:09:24','2017-01-08 00:09:30','146422731',114269),(86,'LMK04MNV75SZR','1483849610332646a94366a8144d38f5',0,'5排9座  ','0000000001-4-8,','','',0,5000,5000,'0200','37201','HO00010781',3,'一号厅','2017-01-08 16:25:00','上海市杨浦区控江路1628号紫荆广场5楼','人间小团圆','VISTA Shanghai Test Cinema',1483849612996,'2017-01-08 12:26:52','2017-01-08 12:26:59','318196764',114270),(87,'LMK04MNV75SZR','148384997919835364700b69c4331bc3',0,'6排9座  ','0000000001-5-8,',NULL,NULL,0,5000,5000,'0200','37201','HO00010781',4,'一号厅','2017-01-08 16:25:00','上海市杨浦区控江路1628号紫荆广场5楼','人间小团圆','VISTA Shanghai Test Cinema',1483849980864,'2017-01-08 12:33:00','2017-01-08 12:34:04',NULL,NULL),(88,'LMK04MNV75SZR','14838500563984442febf8ce346efa52',0,'5排2座  ','0000000001-4-1,','','',0,5000,5000,'0200','37201','HO00010781',3,'一号厅','2017-01-08 16:25:00','上海市杨浦区控江路1628号紫荆广场5楼','人间小团圆','VISTA Shanghai Test Cinema',1483850057935,'2017-01-08 12:34:17','2017-01-08 12:34:26','172002588',114271);

/*Table structure for table `appuserrecharge` */

DROP TABLE IF EXISTS `appuserrecharge`;

CREATE TABLE `appuserrecharge` (
  `id` bigint(20) NOT NULL AUTO_INCREMENT COMMENT 'id:自增',
  `order_id` varchar(100) COLLATE utf8_bin DEFAULT NULL COMMENT '订单号',
  `user_id` varchar(255) COLLATE utf8_bin DEFAULT NULL COMMENT '用户的id',
  `recharge_amount` int(11) DEFAULT NULL COMMENT '充值金额',
  `order_status` int(2) DEFAULT NULL COMMENT '订单状态',
  `create_time` bigint(20) DEFAULT NULL,
  `bz` varchar(255) COLLATE utf8_bin DEFAULT NULL COMMENT '备注',
  `create_date` timestamp NULL DEFAULT CURRENT_TIMESTAMP,
  `modify_date` timestamp NULL DEFAULT '0000-00-00 00:00:00',
  `vistaBookingId` varchar(255) COLLATE utf8_bin DEFAULT NULL,
  `vistaBookingNumber` varchar(255) COLLATE utf8_bin DEFAULT NULL,
  PRIMARY KEY (`id`)
) ENGINE=InnoDB AUTO_INCREMENT=15 DEFAULT CHARSET=utf8 COLLATE=utf8_bin COMMENT='充值表';

/*Data for the table `appuserrecharge` */

insert  into `appuserrecharge`(`id`,`order_id`,`user_id`,`recharge_amount`,`order_status`,`create_time`,`bz`,`create_date`,`modify_date`,`vistaBookingId`,`vistaBookingNumber`) values (1,'1483583731524cc7f870493e341e2a6c','LMK04MNV75SZR',10000,1,1483583731729,NULL,'2017-01-05 10:35:31','2017-01-05 10:35:31',NULL,NULL),(2,'14835839811854246e09546454417b76','LMK04MNV75SZR',10000,4,1483583981384,NULL,'2017-01-05 10:39:41','2017-01-05 10:39:44',NULL,NULL),(3,'14835842039576b46da117ec24b8c826','LMK04MNV75SZR',10000,4,1483584204153,NULL,'2017-01-05 10:43:24','2017-01-05 10:46:10',NULL,NULL),(5,'14835863776817b3570565afc4f768d6','LMK04MNV75SZR',10000,4,1483586377868,NULL,'2017-01-05 11:19:37','2017-01-05 12:00:31',NULL,NULL),(6,'14835888479039268e11b956848e093f','LMK04MNV75SZR',10000,4,1483588848097,NULL,'2017-01-05 12:00:48','2017-01-05 13:28:19',NULL,NULL),(7,'148359410527302e2bd18bb674685bff','LMK04MNV75SZR',10000,4,1483594105460,NULL,'2017-01-05 13:28:25','2017-01-05 13:29:53',NULL,NULL),(8,'1483594200657b4f200672216408fa0f','LMK04MNV75SZR',10000,4,1483594200847,NULL,'2017-01-05 13:30:00','2017-01-05 13:40:11',NULL,NULL),(9,'14835948208233f5c33d20f5e4711868','LMK04MNV75SZR',10000,4,1483594821006,NULL,'2017-01-05 13:40:21','2017-01-05 13:40:23',NULL,NULL),(10,'1483595005717e6bb8d9b44e640c4ab0','LMK04MNV75SZR',10000,3,1483595005904,NULL,'2017-01-05 13:43:25','2017-01-05 13:43:27',NULL,NULL),(11,'148359508365087649b1260a348ad971','LMK04MNV75SZR',10000,3,1483595083835,NULL,'2017-01-05 13:44:43','2017-01-05 13:44:45',NULL,NULL),(12,'1483595702861f8eda179bfd34e6f808','LMK04MNV75SZR',10000,3,1483595703048,NULL,'2017-01-05 13:55:03','2017-01-05 13:55:05',NULL,NULL),(13,'1483596253377392ac0597812402aa49','LMK04MNV75SZR',10000,3,1483596253565,NULL,'2017-01-05 14:04:13','2017-01-05 14:04:20',NULL,NULL),(14,'14836026823840382a798d5534c1d8fc','LMK04MNV75SZR',10000,4,1483602682569,NULL,'2017-01-05 15:51:22','2017-01-05 15:51:24',NULL,NULL);

/*Table structure for table `appuserreward` */

DROP TABLE IF EXISTS `appuserreward`;

CREATE TABLE `appuserreward` (
  `id` int(11) NOT NULL AUTO_INCREMENT,
  `userId` varchar(20) COLLATE utf8_bin NOT NULL,
  `buyOrderId` varchar(40) COLLATE utf8_bin DEFAULT NULL,
  `buyTime` bigint(20) DEFAULT NULL,
  `resOrderId` varchar(40) COLLATE utf8_bin DEFAULT NULL,
  `resTime` bigint(20) DEFAULT NULL,
  `used` int(11) NOT NULL DEFAULT '0',
  `rtype` int(11) NOT NULL DEFAULT '-1',
  `resId` varchar(10) COLLATE utf8_bin DEFAULT NULL,
  `resName` varchar(100) COLLATE utf8_bin DEFAULT NULL,
  `createDate` datetime NOT NULL,
  `modifyDate` datetime NOT NULL,
  PRIMARY KEY (`id`)
) ENGINE=InnoDB AUTO_INCREMENT=18 DEFAULT CHARSET=utf8 COLLATE=utf8_bin;

/*Data for the table `appuserreward` */

insert  into `appuserreward`(`id`,`userId`,`buyOrderId`,`buyTime`,`resOrderId`,`resTime`,`used`,`rtype`,`resId`,`resName`,`createDate`,`modifyDate`) values (4,'LMK04MNV75SZR','14837953453647c711275c9c2425d9d8',1483795345656,NULL,NULL,1,1,'223','10000 积分换礼 - 变形金刚3D眼镜','2017-01-07 21:22:25','2017-01-07 22:37:24'),(5,'LMK04MNV75SZR','1483795432465186a0723e0344e628ab',1483795432759,NULL,NULL,1,1,'215','卢米卡WEB（IMAX）','2017-01-07 21:23:52','2017-01-07 22:37:44'),(6,'LMK04MNV75SZR','1483795435624ff0fbac1900f482c95d',1483795435910,NULL,NULL,1,1,'214','卢米卡WEB（3D）','2017-01-07 21:23:55','2017-01-07 22:39:33'),(7,'LMK04MNV75SZR','1483795572673e3b58c4102bf43ea95b',1483795572967,NULL,NULL,1,1,'214','卢米卡WEB（3D）','2017-01-07 21:26:12','2017-01-07 22:41:03'),(8,'LMK04MNV75SZR','1483796268008ada7c7075a864017846',1483796268296,NULL,NULL,1,1,'214','卢米卡WEB（3D）','2017-01-07 21:37:48','2017-01-07 22:42:23'),(9,'LMK04MNV75SZR','1483796376672e3d811f46a444b7da3e',1483796376970,NULL,NULL,1,1,'214','卢米卡WEB（3D）','2017-01-07 21:39:36','2017-01-07 22:42:44'),(10,'LMK04MNV75SZR','148380015851817ba95cfc15e4b3a9bc',1483800158964,NULL,NULL,1,1,'224','1250 积分换礼 - 3D儿童眼镜','2017-01-07 22:42:38','2017-01-07 22:42:54'),(11,'LMK04MNV75SZR','148380044232934269079e70f4519b15',1483800442679,NULL,NULL,1,1,'224','1250 积分换礼 - 3D儿童眼镜','2017-01-07 22:47:22','2017-01-07 22:47:24'),(12,'LMK04MNV75SZR','1483800477730e0c31ad5122a4561937',1483800478034,NULL,NULL,1,1,'214','卢米卡WEB（3D）','2017-01-07 22:47:58','2017-01-07 22:48:00'),(13,'LMK04MNV75SZR','14838013355041edc4c0474254c07b0a',1483801335783,NULL,NULL,1,1,'-9999',NULL,'2017-01-07 23:02:15','2017-01-07 23:02:18'),(14,'LMK04MNV75SZR','14838013905344bd0858b3e234921abb',1483801390816,NULL,NULL,1,1,'-9999',NULL,'2017-01-07 23:03:10','2017-01-07 23:03:15'),(15,'LMK04MNV75SZR','1483801392739b6c354ffcf22477d927',1483801393002,NULL,NULL,1,1,'-9999',NULL,'2017-01-07 23:03:13','2017-01-07 23:03:42'),(16,'LMK04MNV75SZR','1483801465860d48dc24b4cb54854a97',1483801466119,NULL,NULL,1,1,'-9999',NULL,'2017-01-07 23:04:26','2017-01-07 23:04:27'),(17,'LMK04MNV75SZR','14838500563984442febf8ce346efa52',1483850066218,NULL,NULL,1,1,'-9999',NULL,'2017-01-08 12:34:26','2017-01-08 12:34:35');

/*Table structure for table `city` */

DROP TABLE IF EXISTS `city`;

CREATE TABLE `city` (
  `id` bigint(20) NOT NULL AUTO_INCREMENT COMMENT 'id',
  `cityName` varchar(20) NOT NULL COMMENT '城市名',
  `ename` varchar(20) NOT NULL,
  `lon` double NOT NULL COMMENT '经度',
  `lat` double NOT NULL COMMENT '纬度',
  `pinyin` varchar(5) NOT NULL,
  `hot` int(1) NOT NULL DEFAULT '2',
  `createDate` datetime NOT NULL COMMENT '创建时间',
  `modifyDate` datetime NOT NULL COMMENT '修改时间',
  PRIMARY KEY (`id`)
) ENGINE=InnoDB AUTO_INCREMENT=8 DEFAULT CHARSET=utf8 ROW_FORMAT=DYNAMIC COMMENT='城市';

/*Data for the table `city` */

insert  into `city`(`id`,`cityName`,`ename`,`lon`,`lat`,`pinyin`,`hot`,`createDate`,`modifyDate`) values (4,'青岛','QingDao',11.123123,11.12312312,'Q',1,'2016-12-07 17:29:13','2016-12-07 17:32:37'),(5,'北京','BeiJing',1.1111,1.1111,'B',1,'2016-12-07 17:32:47','2016-12-07 17:32:47'),(6,'济南','JiNan',11.12312,11.12312,'J',1,'2016-12-07 19:14:32','2016-12-07 19:14:32'),(7,'上海','Shanghai',121.670776,31.150617,'S',2,'2016-12-28 11:18:53','2016-12-28 14:03:05');

/*Table structure for table `collect` */

DROP TABLE IF EXISTS `collect`;

CREATE TABLE `collect` (
  `id` bigint(20) NOT NULL AUTO_INCREMENT COMMENT 'id',
  `collectName` varchar(20) COLLATE utf8_bin DEFAULT NULL COMMENT '收藏人',
  `collectType` int(1) DEFAULT NULL COMMENT '收藏类型',
  `collectId` varchar(20) COLLATE utf8_bin DEFAULT NULL COMMENT '收藏id',
  `userId` varchar(20) COLLATE utf8_bin DEFAULT NULL COMMENT '收藏人ID',
  `createDate` datetime NOT NULL COMMENT '创建时间',
  `modifyDate` datetime NOT NULL COMMENT '修改时间',
  PRIMARY KEY (`id`)
) ENGINE=InnoDB AUTO_INCREMENT=16 DEFAULT CHARSET=utf8 COLLATE=utf8_bin;

/*Data for the table `collect` */

insert  into `collect`(`id`,`collectName`,`collectType`,`collectId`,`userId`,`createDate`,`modifyDate`) values (12,NULL,1,'HO00010781','LMK04MNV75SZR','2017-01-09 09:03:37','2017-01-09 09:03:37'),(15,NULL,2,'0200','LMK04MNV75SZR','2017-01-09 09:05:46','2017-01-09 09:05:46');

/*Table structure for table `manager` */

DROP TABLE IF EXISTS `manager`;

CREATE TABLE `manager` (
  `id` bigint(20) NOT NULL AUTO_INCREMENT COMMENT 'id',
  `username` varchar(20) NOT NULL COMMENT '用户名',
  `password` varchar(100) NOT NULL COMMENT '密码',
  `role` int(1) NOT NULL COMMENT '角色：0、普通用户 1、管理用户 ',
  `lastLoginTime` varchar(50) DEFAULT NULL COMMENT '最后登录时间',
  `lastLoginIp` varchar(50) DEFAULT NULL COMMENT '最后登录IP',
  `state` int(1) DEFAULT NULL COMMENT '是否锁定：0.已锁定，1.未锁定',
  `createDate` datetime NOT NULL COMMENT '创建时间',
  `modifyDate` datetime NOT NULL COMMENT '修改时间',
  PRIMARY KEY (`id`)
) ENGINE=InnoDB AUTO_INCREMENT=4 DEFAULT CHARSET=utf8 ROW_FORMAT=DYNAMIC COMMENT='系统用户表';

/*Data for the table `manager` */

insert  into `manager`(`id`,`username`,`password`,`role`,`lastLoginTime`,`lastLoginIp`,`state`,`createDate`,`modifyDate`) values (2,'admin','47c617aeb8891d277ee6ff0ab1b30884a7b0e2ade9249edf35c7969b8f8ff0805d58811ded1ee912',-1,'2016-12-29 07:49:12','0:0:0:0:0:0:0:1',1,'2016-12-07 09:30:24','2016-12-29 07:49:12'),(3,'123','f9d94194286132f5f2c43db8be8b383e072aa7f498a90ea9a4174923e97c1df83d58440a5f8c677f',1,NULL,NULL,1,'2016-12-07 11:03:03','2016-12-07 11:11:28');

/*Table structure for table `rewardcontrol` */

DROP TABLE IF EXISTS `rewardcontrol`;

CREATE TABLE `rewardcontrol` (
  `rid` varchar(20) COLLATE utf8_bin NOT NULL,
  `rtype` int(2) NOT NULL,
  `rchance` int(11) DEFAULT NULL
) ENGINE=InnoDB DEFAULT CHARSET=utf8 COLLATE=utf8_bin;

/*Data for the table `rewardcontrol` */

insert  into `rewardcontrol`(`rid`,`rtype`,`rchance`) values ('222',1,1),('214',1,1),('215',1,1),('225',1,1),('223',1,1),('224',1,1);

/*Table structure for table `systemvalue` */

DROP TABLE IF EXISTS `systemvalue`;

CREATE TABLE `systemvalue` (
  `tkey` int(11) NOT NULL,
  `tvalue` varchar(200) COLLATE utf8_bin NOT NULL
) ENGINE=InnoDB DEFAULT CHARSET=utf8 COLLATE=utf8_bin;

/*Data for the table `systemvalue` */

insert  into `systemvalue`(`tkey`,`tvalue`) values (1003,'http://180.167.19.17/CDN/media/entity/get/FilmPosterGraphic/${movieID}'),(1000,'http://180.167.19.17'),(1001,'123456'),(1002,'http://180.167.19.17/CDN/media/entity/get/FilmTitleGraphic/${movieID}'),(1004,'http://180.167.19.17/CDN/media/entity/get/ItemGraphic/${conID}'),(1005,'0200'),(1006,'20'),(1007,'1000');

/*!40101 SET SQL_MODE=@OLD_SQL_MODE */;
/*!40014 SET FOREIGN_KEY_CHECKS=@OLD_FOREIGN_KEY_CHECKS */;
/*!40014 SET UNIQUE_CHECKS=@OLD_UNIQUE_CHECKS */;
/*!40111 SET SQL_NOTES=@OLD_SQL_NOTES */;
